Workbook

Sheet สรุปภาพรวม
A1: เอกสารการทดสอบระบบ Barber Queue (ระบบเรียกคิวร้านตัดผม Trim & Co.)
A2: รอบทดสอบ R1 · 2026-10-31 · ตัวเลขทุกช่องในตารางผลคำนวณจากชีตรายละเอียดด้วยสูตร
A4: ข้อมูลเอกสาร
A5: ชื่อระบบ | B5: Barber Queue — ระบบเรียกคิว จองล่วงหน้า ชำระ QR PromptPay สมาชิกสะสมแต้ม และ LINE OA
A6: ส่วนประกอบที่ทดสอบ | B6: backend: Express + PostgreSQL · web: React 18 + Vite · LINE Bot / LIFF
A7: ช่วงเวลาการทดสอบ | B7: 2026-10-31 (รอบ R1)
A8: วันที่จัดทำเอกสาร | B8: 2026-10-31
A9: สภาพแวดล้อม | B9: Windows + PostgreSQL localhost ฐาน barbershop_test — ดูชีต "สภาพแวดล้อม"
A11: ผลการทดสอบรอบล่าสุด (R1 · 2026-10-31) — คำนวณจากชีตรายละเอียดด้วยสูตร
A12: ระดับการทดสอบ | B12: เครื่องมือ | C12: จำนวนเคส | D12: ผ่าน | E12: ไม่ผ่าน | F12: อัตราผ่าน | G12: เวลารัน
A13: Unit Test (backend) | B13: node:test | C13: =COUNTA('Unit Test'!G5:G1000) | D13: =COUNTIF('Unit Test'!G5:G1000,"PASS") | E13: =COUNTIF('Unit Test'!G5:G1000,"FAIL") | F13: =IF(C13=0,0,D13/C13) | G13: 0.0 วินาที
A14: API E2E / Integration Test | B14: node:test + fetch | C14: =COUNTA('E2E API'!F5:F1000) | D14: =COUNTIF('E2E API'!F5:F1000,"PASS") | E14: =COUNTIF('E2E API'!F5:F1000,"FAIL") | F14: =IF(C14=0,0,D14/C14) | G14: 4.3 วินาที
A15: UI Automation (Robot Framework) | B15: Robot Framework + Browser (Playwright) | C15: =COUNTA('Robot Framework'!G5:G1000) | D15: =COUNTIF('Robot Framework'!G5:G1000,"PASS") | E15: =COUNTIF('Robot Framework'!G5:G1000,"FAIL") | F15: =IF(C15=0,0,D15/C15) | G15: 12.0 วินาที
A16: รวมทุกระดับ | C16: =SUM(C13:C15) | D16: =SUM(D13:D15) | E16: =SUM(E13:E15) | F16: =IF(C16=0,0,D16/C16)
A18: ข้อบกพร่องที่พบ (นับจากชีต "บั๊กที่พบและแก้ไข")
A19: ความรุนแรง | C19: พบทั้งหมด | D19: ปิดแล้ว | E19: ค้างอยู่
A20: Critical | C20: =COUNTIF('บั๊กที่พบและแก้ไข'!$E$5:$E$1000,A20) | D20: =COUNTIFS('บั๊กที่พบและแก้ไข'!$E$5:$E$1000,A20,'บั๊กที่พบและแก้ไข'!$K$5:$K$1000,"ปิดแล้ว") | E20: =C20-D20
A21: Major | C21: =COUNTIF('บั๊กที่พบและแก้ไข'!$E$5:$E$1000,A21) | D21: =COUNTIFS('บั๊กที่พบและแก้ไข'!$E$5:$E$1000,A21,'บั๊กที่พบและแก้ไข'!$K$5:$K$1000,"ปิดแล้ว") | E21: =C21-D21
A22: Minor | C22: =COUNTIF('บั๊กที่พบและแก้ไข'!$E$5:$E$1000,A22) | D22: =COUNTIFS('บั๊กที่พบและแก้ไข'!$E$5:$E$1000,A22,'บั๊กที่พบและแก้ไข'!$K$5:$K$1000,"ปิดแล้ว") | E22: =C22-D22
A23: รวม | C23: =SUM(C20:C22) | D23: =SUM(D20:D22) | E23: =SUM(E20:E22)
A25: สิ่งที่ไม่ได้ทดสอบในรอบนี้
A26: ตรวจสลิปผ่าน EasySlip จริง | B26: ใช้โหมด mock — ไม่เสียโควตาและไม่ต้องโอนเงินจริง (ตรรกะตรวจผู้รับตรวจด้วยการอ่านโค้ด)
A27: ส่งข้อความ LINE ถึงลูกค้าจริง | B27: ปิด LINE ในสภาพแวดล้อมทดสอบ กันส่งข้อความหาลูกค้าจริง
A28: SonarQube / CI/CD | B28: ตัดออกจากขอบเขตรอบนี้ตามที่ตกลงกัน

Sheet Unit Test
A1: Unit Test — node:test (backend) · 38 เคส
A2: รันจริง 2026-10-31 · ฟังก์ชันคำนวณล้วน ไม่ต่อฐานข้อมูล · คำสั่ง: cd backend && npm test
A4: รหัสเคส | B4: ไฟล์ทดสอบ | C4: โมดูลที่ทดสอบ | D4: สิ่งที่ทดสอบ (ไฟล์) | E4: กรณีทดสอบ / ผลที่คาดหวัง | F4: รอบที่เริ่มมี | G4: ผล | H4: เวลา (ms)
A5: UT-LY-01 | B5: loyalty.test.js | C5: src/utils/loyalty.js | D5: คำนวณแต้มสะสม / ส่วนลด / แต้มที่ใช้ได้ / หักแต้มตอนคืนเงิน | E5: แต้มที่ได้ = ยอด x อัตรา ปัดลง (300 บาท x 0.05 = 15 แต้ม) | F5: R1 | G5: PASS | H5: 3.7
A6: UT-LY-02 | B6: loyalty.test.js | C6: src/utils/loyalty.js | D6: คำนวณแต้มสะสม / ส่วนลด / แต้มที่ใช้ได้ / หักแต้มตอนคืนเงิน | E6: ทศนิยมลอยตัวไม่ทำให้แต้มหาย (100 x 0.29 ต้องได้ 29) | F6: R1 | G6: PASS | H6: 0.3
A7: UT-LY-03 | B7: loyalty.test.js | C7: src/utils/loyalty.js | D7: คำนวณแต้มสะสม / ส่วนลด / แต้มที่ใช้ได้ / หักแต้มตอนคืนเงิน | E7: ยอด 0 / ติดลบ / อัตรา 0 -> ได้ 0 แต้ม | F7: R1 | G7: PASS | H7: 0.3
A8: UT-LY-04 | B8: loyalty.test.js | C8: src/utils/loyalty.js | D8: คำนวณแต้มสะสม / ส่วนลด / แต้มที่ใช้ได้ / หักแต้มตอนคืนเงิน | E8: ส่วนลดเปอร์เซ็นต์ปัด 2 ตำแหน่ง และไม่เกิน 100% | F8: R1 | G8: PASS | H8: 0.3
A9: UT-LY-05 | B9: loyalty.test.js | C9: src/utils/loyalty.js | D9: คำนวณแต้มสะสม / ส่วนลด / แต้มที่ใช้ได้ / หักแต้มตอนคืนเงิน | E9: ส่วนลดบาทไม่เกินยอดรวม และค่าติดลบนับเป็น 0 | F9: R1 | G9: PASS | H9: 0.8
A10: UT-LY-06 | B10: loyalty.test.js | C10: src/utils/loyalty.js | D10: คำนวณแต้มสะสม / ส่วนลด / แต้มที่ใช้ได้ / หักแต้มตอนคืนเงิน | E10: ใช้แต้มได้ไม่เกินยอดคงเหลือ (แต้มละ 1 บาท ยอด 80.5 -> 80 แต้ม) | F10: R1 | G10: PASS | H10: 0.3
A11: UT-LY-07 | B11: loyalty.test.js | C11: src/utils/loyalty.js | D11: คำนวณแต้มสะสม / ส่วนลด / แต้มที่ใช้ได้ / หักแต้มตอนคืนเงิน | E11: คืนเงินเต็มจำนวน -> หักแต้มที่ได้ทั้งหมด | F11: R1 | G11: PASS | H11: 0.3
A12: UT-LY-08 | B12: loyalty.test.js | C12: src/utils/loyalty.js | D12: คำนวณแต้มสะสม / ส่วนลด / แต้มที่ใช้ได้ / หักแต้มตอนคืนเงิน | E12: คืนบางส่วน -> หักตามสัดส่วน และคืนครั้งที่ 2 ไม่หักซ้ำ | F12: R1 | G12: PASS | H12: 0.3
A13: UT-LY-09 | B13: loyalty.test.js | C13: src/utils/loyalty.js | D13: คำนวณแต้มสะสม / ส่วนลด / แต้มที่ใช้ได้ / หักแต้มตอนคืนเงิน | E13: บิลที่ไม่ได้แต้มหรือยอด 0 -> ไม่หักแต้ม | F13: R1 | G13: PASS | H13: 0.4
A14: UT-MS-01 | B14: misc.test.js | C14: src/utils/{mask,settings,line-bot,line-link,http}.js | D14: ปิดชื่อลูกค้า · แปลงค่าตั้งค่า · เจตนาแชต LINE · รหัสผูกบัญชี | E14: maskName ปิดนามสกุลเหลืออักษรแรก และชื่อเดี่ยวไม่เปลี่ยน | F14: R1 | G14: PASS | H14: 2
A15: UT-MS-02 | B15: misc.test.js | C15: src/utils/{mask,settings,line-bot,line-link,http}.js | D15: ปิดชื่อลูกค้า · แปลงค่าตั้งค่า · เจตนาแชต LINE · รหัสผูกบัญชี | E15: settings.num คืน fallback เมื่อค่าไม่ใช่ตัวเลข | F15: R1 | G15: PASS | H15: 0.2
A16: UT-MS-03 | B16: misc.test.js | C16: src/utils/{mask,settings,line-bot,line-link,http}.js | D16: ปิดชื่อลูกค้า · แปลงค่าตั้งค่า · เจตนาแชต LINE · รหัสผูกบัญชี | E16: settings.bool รับ "true" และใช้ fallback เมื่อว่าง | F16: R1 | G16: PASS | H16: 0.3
... A42: UT-VD-12 | B42: validate.test.js | C42: src/utils/validate.js | D42: ตรวจข้อมูลที่ส่งเข้า API (ชนิด/ช่วง/วันที่/รหัสผ่าน) | E42: รหัสผ่านต้องเป็นสตริงอย่างน้อย 6 ตัว | F42: R1 | G42: PASS | H42: 0.7

Sheet Unit สรุปรายไฟล์
A1: Unit Test — สรุปรายไฟล์
A2: นับจากชีต Unit Test ด้วยสูตร
A4: ไฟล์ทดสอบ | B4: สิ่งที่ทดสอบ | C4: จำนวนเคส | D4: ผ่าน | E4: ไม่ผ่าน | F4: อัตราผ่าน
A5: promptpay.test.js | B5: สร้าง QR PromptPay (EMVCo) + CRC16 + ปิดเลขบัญชี | C5: =COUNTIF('Unit Test'!$B$5:$B$1000,A5) | D5: =COUNTIFS('Unit Test'!$B$5:$B$1000,A5,'Unit Test'!$G$5:$G$1000,"PASS") | E5: =COUNTIFS('Unit Test'!$B$5:$B$1000,A5,'Unit Test'!$G$5:$G$1000,"FAIL") | F5: =IF(C5=0,0,D5/C5)
A6: loyalty.test.js | B6: คำนวณแต้มสะสม / ส่วนลด / แต้มที่ใช้ได้ / หักแต้มตอนคืนเงิน | C6: =COUNTIF('Unit Test'!$B$5:$B$1000,A6) | D6: =COUNTIFS('Unit Test'!$B$5:$B$1000,A6,'Unit Test'!$G$5:$G$1000,"PASS") | E6: =COUNTIFS('Unit Test'!$B$5:$B$1000,A6,'Unit Test'!$G$5:$G$1000,"FAIL") | F6: =IF(C6=0,0,D6/C6)
A7: validate.test.js | B7: ตรวจข้อมูลที่ส่งเข้า API (ชนิด/ช่วง/วันที่/รหัสผ่าน) | C7: =COUNTIF('Unit Test'!$B$5:$B$1000,A7) | D7: =COUNTIFS('Unit Test'!$B$5:$B$1000,A7,'Unit Test'!$G$5:$G$1000,"PASS") | E7: =COUNTIFS('Unit Test'!$B$5:$B$1000,A7,'Unit Test'!$G$5:$G$1000,"FAIL") | F7: =IF(C7=0,0,D7/C7)
A8: misc.test.js | B8: ปิดชื่อลูกค้า · แปลงค่าตั้งค่า · เจตนาแชต LINE · รหัสผูกบัญชี | C8: =COUNTIF('Unit Test'!$B$5:$B$1000,A8) | D8: =COUNTIFS('Unit Test'!$B$5:$B$1000,A8,'Unit Test'!$G$5:$G$1000,"PASS") | E8: =COUNTIFS('Unit Test'!$B$5:$B$1000,A8,'Unit Test'!$G$5:$G$1000,"FAIL") | F8: =IF(C8=0,0,D8/C8)

Sheet E2E API
A1: API End-to-End Test — ยิง REST API จริง · 46 เคส
A2: รันจริง 2026-10-31 บน backend :5051 + PostgreSQL ฐาน barbershop_test (แยกจากระบบจริง) · โหมดสลิป mock ไม่ส่ง LINE
A4: รหัสเคส | B4: หมวด / สถานการณ์ | C4: กรณีทดสอบ / ผลที่คาดหวัง | D4: ไฟล์ทดสอบ | E4: รอบที่เริ่มมี | F4: ผล | G4: บทบาทที่เกี่ยวข้อง | H4: เวลา (ms)
A5: E2E-A-01 | B5: B. จองล่วงหน้า → ยกเลิก / เช็กอินเป็นบัตรคิว | C5: ดูช่วงเวลาว่างของวันถัดไป (ไม่ต้องล็อกอิน) | D5: appointments.e2e.test.js | E5: R1 | F5: PASS | G5: ลูกค้า · พนักงาน | H5: 567.9
A6: E2E-A-02 | B6: B. จองล่วงหน้า → ยกเลิก / เช็กอินเป็นบัตรคิว | C6: ลูกค้าจองล่วงหน้า -> 201 และอยู่ในรายการ "การจองของฉัน" | D6: appointments.e2e.test.js | E6: R1 | F6: PASS | G6: ลูกค้า · พนักงาน | H6: 22.6
A7: E2E-A-03 | B7: B. จองล่วงหน้า → ยกเลิก / เช็กอินเป็นบัตรคิว | C7: จองวันที่ไม่มีจริง (2026-02-30) -> 400 | D7: appointments.e2e.test.js | E7: R1 | F7: PASS | G7: ลูกค้า · พนักงาน | H7: 6
A8: E2E-A-04 | B8: B. จองล่วงหน้า → ยกเลิก / เช็กอินเป็นบัตรคิว | C8: จองย้อนหลัง (เมื่อวาน) -> 400 | D8: appointments.e2e.test.js | E8: R1 | F8: PASS | G8: ลูกค้า · พนักงาน | H8: 6.7
A9: E2E-A-05 | B9: B. จองล่วงหน้า → ยกเลิก / เช็กอินเป็นบัตรคิว | C9: จองเกินจำนวนวันล่วงหน้าที่ร้านกำหนด -> 400 | D9: appointments.e2e.test.js | E9: R1 | F9: PASS | G9: ลูกค้า · พนักงาน | H9: 5.7
A10: E2E-A-06 | B10: B. จองล่วงหน้า → ยกเลิก / เช็กอินเป็นบัตรคิว | C10: จำนวนที่จองในช่วงเวลานั้นเพิ่มขึ้นหลังจอง | D10: appointments.e2e.test.js | E10: R1 | F10: PASS | G10: ลูกค้า · พนักงาน | H10: 8.8
A11: E2E-A-07 | B11: B. จองล่วงหน้า → ยกเลิก / เช็กอินเป็นบัตรคิว | C11: พนักงานเห็นการจองในรายการของวันนั้น | D11: appointments.e2e.test.js | E11: R1 | F11: PASS | G11: ลูกค้า · พนักงาน | H11: 9.3
A12: E2E-A-08 | B12: B. จองล่วงหน้า → ยกเลิก / เช็กอินเป็นบัตรคิว | C12: ลูกค้าคนอื่นยกเลิกการจองที่ไม่ใช่ของตัวเองไม่ได้ | D12: appointments.e2e.test.js | E12: R1 | F12: PASS | G12: ลูกค้า · พนักงาน | H12: 140.5
A13: E2E-A-09 | B13: B. จองล่วงหน้า → ยกเลิก / เช็กอินเป็นบัตรคิว | C13: ลูกค้ายกเลิกการจองของตัวเอง และยกเลิกซ้ำไม่ได้ | D13: appointments.e2e.test.js | E13: R1 | F13: PASS | G13: ลูกค้า · พนักงาน | H13: 9.7
A14: E2E-A-10 | B14: B. จองล่วงหน้า → ยกเลิก / เช็กอินเป็นบัตรคิว | C14: จองวันนี้แล้วพนักงานเช็กอิน -> ได้บัตรคิวแบบมีลำดับความสำคัญ | D14: appointments.e2e.test.js | E14: R1 | F14: PASS | G14: ลูกค้า · พนักงาน | H14: 146.1
A15: E2E-Q-01 | B15: A. วงจรคิว: รับคิว → เรียก → ให้บริการ → เสร็จ | C15: ลูกค้ารับบัตรคิว -> 201 สถานะ waiting มีเลขคิวและลิงก์ติดตาม | D15: queue-flow.e2e.test.js | E15: R1 | F15: PASS | G15: ลูกค้า · พนักงาน | H15: 383.6
A16: E2E-Q-02 | B16: A. วงจรคิว: รับคิว → เรียก → ให้บริการ → เสร็จ | C16: ลูกค้าเห็นคิวของตัวเองที่ /queue/my พร้อมจำนวนคิวก่อนหน้า | D16: queue-flow.e2e.test.js | E16: R1 | F16: PASS | G16: ลูกค้า · พนักงาน | H16: 15.5
... A50: E2E-S-11 | B50: D. เงินสด / ชำระบิล / แต้มสะสม / คืนเงิน / รายงาน | C50: ส่งออก CSV ใส่ ' หน้าค่าที่ขึ้นต้นด้วย = (กันสูตร Excel) | D50: sales.e2e.test.js | E50: R1 | F50: PASS | G50: แอดมิน · พนักงาน · ลูกค้า | H50: 115.9

Sheet Robot Framework
A1: Automation Test — Robot Framework + Browser (Playwright) · 13 เคส
A2: รันจริง 2026-10-31 บน Chromium headless (1366×820, th-TH) · frontend :3001 → backend ทดสอบ :5051
A4: รหัสเคส | B4: ชุดทดสอบ (Suite) | C4: ขอบเขตของชุด | D4: ชื่อกรณีทดสอบ / ผลที่คาดหวัง | E4: ขั้นตอนการทดสอบ (Test Steps) | F4: รอบที่เริ่มมี | G4: ผล | H4: เวลา (วินาที)
A5: UI-01 | B5: ui_flows | C5: หน้าเว็บจริงบน Chromium: ล็อกอิน สมัคร รับบัตรคิว คิวของฉัน เรียกคิว สิทธิ์ตามบทบาท จอคิว | D5: หน้าเข้าสู่ระบบแสดงฟอร์มและปุ่มบัญชีทดสอบ | E5: 1. Go To ${BASE_URL}/login 2. Get Element Count input[type="email"] == 1 3. Get Element Count input[type="password"] == 1 4. Get Text button[type="submit"] contains เข้าสู่ระบบ | F5: R1 | G5: PASS | H5: 0.55
A6: UI-02 | B6: ui_flows | C6: หน้าเว็บจริงบน Chromium: ล็อกอิน สมัคร รับบัตรคิว คิวของฉัน เรียกคิว สิทธิ์ตามบทบาท จอคิว | D6: รหัสผ่านผิด แสดงข้อความแจ้งเตือนและยังอยู่หน้าเดิม | E6: 1. Go To ${BASE_URL}/login 2. Fill Text input[type="email"] ${STAFF} 3. Fill Text input[type="password"] wrongpass 4. Click button[type="submit"] 5. Wait For Elements State text=/ไม่ถูกต้อง|ผิด/ visible 6. Get Url contains /login | F6: R1 | G6: PASS | H6: 0.76
A7: UI-03 | B7: ui_flows | C7: หน้าเว็บจริงบน Chromium: ล็อกอิน สมัคร รับบัตรคิว คิวของฉัน เรียกคิว สิทธิ์ตามบทบาท จอคิว | D7: พนักงานเข้าสู่ระบบแล้วเห็นเมนูจัดการคิว | E7: 1. Login As ${STAFF} 2. Wait For Elements State a[href="/app/queue"] visible 3. Get Element Count a[href="/app/pos"] == 0 | F7: R1 | G7: PASS | H7: 0.63
A8: UI-04 | B8: ui_flows | C8: หน้าเว็บจริงบน Chromium: ล็อกอิน สมัคร รับบัตรคิว คิวของฉัน เรียกคิว สิทธิ์ตามบทบาท จอคิว | D8: ลูกค้าสมัครสมาชิกใหม่ผ่านหน้าเว็บ แล้วเข้าระบบอัตโนมัติ | E8: 1. Register New Customer 2. Wait For Elements State a[href="/app/take-queue"] visible | F8: R1 | G8: PASS | H8: 0.78
A9: UI-05 | B9: ui_flows | C9: หน้าเว็บจริงบน Chromium: ล็อกอิน สมัคร รับบัตรคิว คิวของฉัน เรียกคิว สิทธิ์ตามบทบาท จอคิว | D9: ลูกค้ารับบัตรคิวผ่านหน้าเว็บ ได้เลขคิวและ QR ติดตาม | E9: 1. Register New Customer 2. Go To ${BASE_URL}/app/take-queue 3. Click .svc-card.selectable >> nth=0 4. Click button.btn.primary.block.lg 5. Wait For Elements State text=รับบัตรคิวสำเร็จ visible 6. Get Text .ticket-hero .number matches ^[A-Z]-\\d{3}$ 7. Wait For Elements State img[alt="QR ติดตามคิว"] visible | F9: R1 | G9: PASS | H9: 1.63
A10: UI-06 | B10: ui_flows | C10: หน้าเว็บจริงบน Chromium: ล็อกอิน สมัคร รับบัตรคิว คิวของฉัน เรียกคิว สิทธิ์ตามบทบาท จอคิว | D10: ลูกค้าเห็นคิวของตัวเองที่หน้า "คิวของฉัน" | E10: 1. Register New Customer 2. Go To ${BASE_URL}/app/take-queue 3. Click .svc-card.selectable >> nth=0 4. Click button.btn.primary.block.lg 5. Wait For Elements State text=รับบัตรคิวสำเร็จ visible 6. Get Text .ticket-hero .number 7. Click text=ดูสถานะคิวของฉัน 8. Wait For Elements State text=${no} visible | F10: R1 | G10: PASS | H10: 1.58
A11: UI-07 | B11: ui_flows | C11: หน้าเว็บจริงบน Chromium: ล็อกอิน สมัคร รับบัตรคิว คิวของฉัน เรียกคิว สิทธิ์ตามบทบาท จอคิว | D11: พนักงานเรียกคิวถัดไปจากหน้าจัดการคิว | E11: 1. Login As ${STAFF} 2. Go To ${BASE_URL}/app/queue 3. Wait For Elements State text=เรียกคิวถัดไป visible 4. Click text=เรียกคิวถัดไป 5. Wait For Elements State text=/เรียกคิว [A-Z]-\\d{3}/ visible | F11: R1 | G11: PASS | H11: 1.43
A12: UI-08 | B12: ui_flows | C12: หน้าเว็บจริงบน Chromium: ล็อกอิน สมัคร รับบัตรคิว คิวของฉัน เรียกคิว สิทธิ์ตามบทบาท จอคิว | D12: ลูกค้าเข้าหน้าของพนักงานไม่ได้ (ถูกพากลับ) | E12: 1. Login As ${CUSTOMER} 2. Go To ${BASE_URL}/app/users 3. Wait For Condition Url not contains /app/users | F12: R1 | G12: PASS | H12: 0.61
A13: UI-09 | B13: ui_flows | C13: หน้าเว็บจริงบน Chromium: ล็อกอิน สมัคร รับบัตรคิว คิวของฉัน เรียกคิว สิทธิ์ตามบทบาท จอคิว | D13: หน้าที่ถูกลบ (POS) พากลับหน้าหลัก ไม่ค้างหน้าว่าง | E13: 1. Login As ${STAFF} 2. Go To ${BASE_URL}/app/pos 3. Wait For Condition Url not contains /app/pos | F13: R1 | G13: PASS | H13: 0.61
A14: UI-10 | B14: ui_flows | C14: หน้าเว็บจริงบน Chromium: ล็อกอิน สมัคร รับบัตรคิว คิวของฉัน เรียกคิว สิทธิ์ตามบทบาท จอคิว | D14: ลูกค้าจองล่วงหน้าผ่านหน้าเว็บ | E14: 1. Register New Customer 2. Go To ${BASE_URL}/app/book 3. Wait For Elements State h1 >> text=/จอง/ visible | F14: R1 | G14: PASS | H14: 1.23
A15: UI-11 | B15: ui_flows | C15: หน้าเว็บจริงบน Chromium: ล็อกอิน สมัคร รับบัตรคิว คิวของฉัน เรียกคิว สิทธิ์ตามบทบาท จอคิว | D15: จอแสดงคิวหน้าร้านเปิดได้โดยไม่ต้องล็อกอิน | E15: 1. Go To ${BASE_URL}/board 2. Wait For Load State networkidle 3. Get Url contains /board | F15: R1 | G15: PASS | H15: 0.75
A16: UI-12 | B16: ui_flows | C16: หน้าเว็บจริงบน Chromium: ล็อกอิน สมัคร รับบัตรคิว คิวของฉัน เรียกคิว สิทธิ์ตามบทบาท จอคิว | D16: เมนู "กะและเงินสด" ถูกลบ และหน้าเดิมพากลับหน้าหลัก | E16: 1. Login As ${STAFF} 2. Wait For Elements State a[href="/app/queue"] visible 3. Get Element Count a[href="/app/shifts"] == 0 4. Go To ${BASE_URL}/app/shifts 5. Wait For Condition Url not contains /app/shifts | F16: R1 | G16: PASS | H16: 0.62
A17: UI-13 | B17: ui_flows | C17: หน้าเว็บจริงบน Chromium: ล็อกอิน สมัคร รับบัตรคิว คิวของฉัน เรียกคิว สิทธิ์ตามบทบาท จอคิว | D17: แอดมินเปิดหน้าประวัติการโอน เห็นตารางรายการหรือข้อความว่าไม่มีรายการ | E17: 1. Login As ${ADMIN} 2. Click a[href="/app/transfers"] 3. Wait For Elements State h1 >> text=ประวัติการโอน visible 4. Wait For Elements State css=table.data, .empty >> nth=0 visible | F17: R1 | G17: PASS | H17: 0.76

Sheet Robot สรุปรายชุด
A1: Robot Framework — สรุปรายชุดทดสอบ
A2: นับจากชีต Robot Framework ด้วยสูตร
A4: ชุดทดสอบ | B4: ขอบเขต | C4: จำนวนเคส | D4: ผ่าน | E4: ไม่ผ่าน | F4: อัตราผ่าน | G4: เวลารวม (วินาที)
A5: ui_flows | B5: หน้าเว็บจริงบน Chromium: ล็อกอิน สมัคร รับบัตรคิว คิวของฉัน เรียกคิว สิทธิ์ตามบทบาท จอคิว | C5: =COUNTIF('Robot Framework'!$B$5:$B$1000,A5) | D5: =COUNTIFS('Robot Framework'!$B$5:$B$1000,A5,'Robot Framework'!$G$5:$G$1000,"PASS") | E5: =COUNTIFS('Robot Framework'!$B$5:$B$1000,A5,'Robot Framework'!$G$5:$G$1000,"FAIL") | F5: =IF(C5=0,0,D5/C5) | G5: =SUMIF('Robot Framework'!$B$5:$B$1000,A5,'Robot Framework'!$H$5:$H$1000)

Sheet บั๊กที่พบและแก้ไข
A1: บันทึกข้อบกพร่องที่พบจากการทดสอบ (Defect Log)
A2: สถานะ "ปิดแล้ว" = แก้แล้วและรันชุดทดสอบซ้ำผ่าน · เคสที่ระบุใช้กันบั๊กกลับมา (regression)
A4: รหัส | B4: รอบ | C4: วันที่พบ/แก้ | D4: พบจาก (เครื่องมือ) | E4: ความรุนแรง | F4: อาการที่พบ | G4: สาเหตุ | H4: วิธีแก้ | I4: เคสทดสอบยืนยัน / กันถดถอย | J4: ไฟล์ที่แก้ | K4: สถานะ
A5: BUG-01 | B5: R1 | C5: 2026-10-31 | D5: สแกนโค้ดทั้งระบบ (code review) | E5: Critical | F5: พนักงาน (staff) ตั้งตัวเองหรือสร้างบัญชีใหม่เป็นผู้ดูแลระบบได้ แล้วแก้/ระงับบัญชีแอดมินได้ | G5: PUT/POST /users เปิดให้ staff และตรวจแค่ห้ามลดสิทธิ์ตัวเอง ไม่ได้ห้ามยกสิทธิ์ | H5: ให้กำหนด role=admin และแก้บัญชีแอดมินได้เฉพาะแอดมิน · ซ่อนตัวเลือกในหน้าเว็บ | I5: E2E-R-07, E2E-R-08, E2E-R-09 | J5: users.controller.js · Users.jsx | K5: ปิดแล้ว
A6: BUG-02 | B6: R1 | C6: 2026-10-31 | D6: สแกนโค้ดทั้งระบบ (code review) | E6: Major | F6: จอคิวหน้าร้าน (ไม่ต้องล็อกอิน) และสตรีม realtime ส่งเบอร์โทร/รหัสลูกค้าทุกคนออกไป | G6: /queue/current และ broadcast queue:* ส่ง SELECT * จาก v_queue_board | H6: ส่งเฉพาะข้อมูลสาธารณะ (ตัดเบอร์/รหัสลูกค้า ปิดนามสกุล) · /barbers ไม่ส่งอีเมล/เบอร์ช่างให้ลูกค้า | I6: E2E-Q-12, E2E-R-05, UT-MS-01 | J6: queue.controller.js · barbers.controller.js · utils/mask.js | K6: ปิดแล้ว
A7: BUG-03 | B7: R1 | C7: 2026-10-31 | D7: สแกนโค้ดทั้งระบบ (code review) | E7: Major | F7: รับสลิปโอนเงินที่โอนให้บัญชีอื่นได้ ถ้าสลิปไม่มีเลขพร้อมเพย์ผู้รับ | G7: ข้ามการตรวจผู้รับเมื่ออ่านเลขบัญชีจากสลิปไม่ได้ (fail-open) | H7: อ่านผู้รับไม่ได้ต้องเทียบชื่อบัญชีร้าน ไม่ตรง = ไม่รับอัตโนมัติ ให้พนักงานยืนยัน | I7: ตรวจโค้ด (ไม่ยิงสลิปจริง) | J7: utils/slip.js | K7: ปิดแล้ว
A8: BUG-04 | B8: R1 | C8: 2026-10-31 | D8: สแกนโค้ดทั้งระบบ (code review) | E8: Critical | F8: บันทึกเงินเข้า/ออกลิ้นชักที่มีเศษสตางค์ (เช่น 150.50) ขึ้น error 500 | G8: SQL CASE ... THEN $3 ELSE 0 ทำให้ PostgreSQL เดาชนิดเป็น integer | H8: ระบุชนิด $3::numeric | I8: E2E-S-01 | J8: shifts.controller.js | K8: ปิดแล้ว
A9: BUG-05 | B9: R1 | C9: 2026-10-31 | D9: สแกนโค้ดทั้งระบบ (code review) | E9: Critical | F9: ยกเลิกบิลที่คืนเงินไปแล้ว ทำให้สต็อกถูกคืนซ้ำและเงินสดที่ควรมีในลิ้นชักผิด | G9: voidSale ห้ามแค่บิล void ไม่ได้ห้ามบิล refunded/partial_refund | H9: ห้ามยกเลิกบิลที่มีการคืนเงินแล้ว (409) | I9: E2E-S-06 | J9: pos.controller.js | K9: ปิดแล้ว
A10: BUG-06 | B10: R1 | C10: 2026-10-31 | D10: สแกนโค้ดทั้งระบบ (code review) | E10: Major | F10: คืนเงินแล้วลูกค้ายังได้แต้มสะสม/ยอดใช้จ่าย/ระดับสมาชิกเท่าเดิม | G10: refundSale ไม่ได้ย้อนแต้มและ total_spent | H10: หักแต้มตามสัดส่วนเงินที่คืน (ไม่หักซ้ำ) และลดยอดใช้จ่าย/ปรับระดับสมาชิก | I10: E2E-S-05, UT-LY-07, UT-LY-08 | J10: pos.controller.js · utils/loyalty.js | K10: ปิดแล้ว
A11: BUG-07 | B11: R1 | C11: 2026-10-31 | D11: สแกนโค้ดทั้งระบบ (code review) | E11: Major | F11: ลูกค้าเสียแต้มเกินส่วนลดที่ได้จริง เมื่อใส่แต้มมากกว่ายอดบิล | G11: updateSale คิดส่วนลดจากแต้มโดยไม่จำกัดเพดาน และตอนปิดบิลหักแต้มเต็มจำนวน | H11: จำกัดแต้มสูงสุดตามยอดคงเหลือ และตรวจซ้ำตอนปิดบิล | I11: E2E-S-07, UT-LY-06 | J11: pos.controller.js · utils/loyalty.js | K11: ปิดแล้ว
A12: BUG-08 | B12: R1 | C12: 2026-10-31 | D12: สแกนโค้ดทั้งระบบ (code review) | E12: Major | F12: ลบโค้ดส่วนลดออกจากบิลแล้วส่วนลดยังอยู่ | G12: ล้างแค่ promo_code แต่ discount_type/value ยังเป็นค่าของโค้ดเดิม | H12: ลบโค้ดโดยไม่ได้กรอกส่วนลดมือ = ล้างส่วนลดด้วย | I12: E2E-S-08 | J12: pos.controller.js | K12: ปิดแล้ว
A13: BUG-09 | B13: R1 | C13: 2026-10-31 | D13: สแกนโค้ดทั้งระบบ (code review) | E13: Major | F13: โค้ดส่วนลด "ใช้ได้ถึงวันที่ X" หมดอายุตั้งแต่เที่ยงคืนต้นวัน X (เร็วไป 1 วัน) | G13: เทียบเวลาเที่ยงคืนกับเวลาปัจจุบัน แทนการเทียบวันที่ | H13: เทียบเป็นวันที่ตามเขตเวลาร้าน · ตรวจโค้ดซ้ำตอนปิดบิล (ล็อกแถว กันใช้เกินสิทธิ์) | I13: E2E-S-09 | J13: pos.controller.js | K13: ปิดแล้ว
A14: BUG-10 | B14: R1 | C14: 2026-10-31 | D14: สแกนโค้ดทั้งระบบ (code review) | E14: Major | F14: ส่งออก CSV แล้วเปิดใน Excel ค่าที่ขึ้นต้นด้วย = + - @ (เช่นชื่อลูกค้า) ทำงานเป็นสูตร | G14: escape แค่เครื่องหมายคำพูด | H14: ใส่ ' นำหน้าค่าที่เสี่ยง (CSV injection) | I14: E2E-S-11 | J14: reports.controller.js | K14: ปิดแล้ว
A15: BUG-11 | B15: R1 | C15: 2026-10-31 | D15: สแกนโค้ดทั้งระบบ (code review) | E15: Major | F15: ส่ง id ที่ไม่ใช่ตัวเลข / วันที่ผิด / limit ติดลบ ได้ error 500 แทน 400 | G15: error handler ไม่แปลงรหัส PostgreSQL 22P02/22007/22008/22003 และวันที่ 2026-02-30 ผ่านการตรวจ | H15: แปลงเป็น 400 · ตรวจวันที่ให้มีจริงในปฏิทิน · จำกัด limit ≥ 1 · Number ต้องไม่ใช่ Infinity | I15: E2E-Q-13, E2E-A-03, E2E-S-10, UT-VD-07, UT-VD-10 | J15: middleware/error.js · utils/validate.js · reports.controller.js | K15: ปิดแล้ว
... A26: BUG-22 | B26: R1 | C26: 2026-10-31 | D26: API E2E (รอบแรก) | E26: Minor | F26: ชุดทดสอบอัตโนมัติสมัครสมาชิกถี่ โดน rate limit 429 จนเทสต์ล้ม | G26: rate limit สมัคร 10 ครั้ง/ชม. ใช้กับทุกสภาพแวดล้อม | H26: ข้าม rate limit เฉพาะ NODE_ENV=test (production ยังจำกัดเท่าเดิม) | I26: E2E ทั้งชุด 46/46 | J26: server.js | K26: ปิดแล้ว

Sheet เครื่องมือที่ใช้ทดสอบ
A1: เครื่องมือที่ใช้ทดสอบ (Testing Tools)
A2: เวอร์ชันอ่านจากเครื่องที่รันจริง
A4: ลำดับ | B4: เครื่องมือ | C4: เวอร์ชัน | D4: ประเภทการทดสอบ | E4: ใช้ทดสอบอะไร | F4: คำสั่งรัน | G4: ที่อยู่ไฟล์ | H4: เริ่มใช้รอบ
A5: 1 | B5: node:test (Node.js built-in) | C5: v24.22.1 | D5: Unit Test | E5: ฟังก์ชันคำนวณฝั่ง backend: QR PromptPay, ตรวจข้อมูล, แต้มสะสม ฯลฯ ไม่ต่อฐานข้อมูล | F5: cd backend && npm test | G5: backend/tests/unit/*.test.js | H5: R1
A6: 2 | B6: node:test + fetch (API E2E) | C6: v24.22.1 | D6: API E2E / Integration | E6: ยิง REST API จริงทั้งเส้นทาง คิว จองล่วงหน้า สิทธิ์ บิล/แต้ม | F6: cd backend && npm run test:e2e | G6: backend/tests/e2e/*.e2e.test.js · helpers.js | H6: R1
A7: 3 | B7: Robot Framework | C7: 7.5 | D7: Automation / Acceptance | E7: ชุดทดสอบแบบ keyword-driven ออกรายงาน report.html / log.html | F7: automation-testing\.venv\Scripts\robot --outputdir results tests | G7: automation-testing/tests/*.robot | H7: R1
A8: 4 | B8: robotframework-browser (Playwright) | C8: 20.6.0 | D8: UI Test บนเบราว์เซอร์ | E8: กดหน้าเว็บจริงบน Chromium | F8: (เรียกผ่าน robot) | G8: automation-testing/resources/common.resource | H8: R1
A9: 5 | B9: openpyxl | C9: 3.1.5 | D9: รายงานผล | E9: สร้างเอกสาร xlsx จากผลรันจริง | F9: python build_report.py | G9: automation-testing/build_report.py | H9: R1
A10: 6 | B10: Vite build | C10: - | D10: Build check | E10: คอมไพล์หน้าเว็บทั้งหมด จับ import/route ที่เสีย | F10: cd frontend && npx vite build | G10: frontend/ | H10: R1

Sheet สภาพแวดล้อม
A1: สภาพแวดล้อมการทดสอบ (Test Environment)
A2: ไม่บันทึกรหัสผ่านในเอกสารนี้ — บัญชีทดสอบมาจาก database/seed.sql
A4: หัวข้อ | B4: ค่า | C4: หมายเหตุ
A5: ระบบปฏิบัติการ | B5: Windows 10 (10.0.19045) | C5: เครื่องพัฒนา
A6: Node.js | B6: v24.22.1 | C6: backend + unit/E2E
A7: Python | B7: 3.13.16 | C7: Robot Framework (.venv)
A8: ฐานข้อมูล | B8: PostgreSQL localhost:5432 · ฐาน barbershop_test | C8: แยกจากฐานจริง barbershop ไม่แตะข้อมูลร้าน
A9: Backend ทดสอบ | B9: http://localhost:5051 · NODE_ENV=test | C9: ค่าใน backend/tests/test-env.sh
A10: Frontend ทดสอบ | B10: http://localhost:3001 (vite.test.config.js) | C10: proxy /api → :5051
A11: การชำระเงิน | B11: SLIP_PROVIDER=mock · PAYMENT_REQUIRED=false | C11: ไม่เรียก EasySlip จริง ไม่เสียโควตา
A12: LINE | B12: ปิด (ไม่ตั้ง token) | C12: ไม่ส่งข้อความหาลูกค้าจริงระหว่างทดสอบ
A13: เบราว์เซอร์ | B13: Chromium (Playwright) headless · 1366×820 · th-TH

Sheet วิธีรันทดสอบ
A1: วิธีรันการทดสอบซ้ำ
A2: รันจากโฟลเดอร์โปรเจกต์ barber (Git Bash)
A4: ขั้น | B4: คำสั่ง | C4: ผลที่ควรได้
A5: 1. สร้างฐานทดสอบ (ครั้งแรก) | B5: cd backend && source tests/test-env.sh && node scripts/setup-db.js | C5: สร้าง barbershop_test + seed + migrations
A6: 2. เปิด backend ทดสอบ | B6: cd backend && source tests/test-env.sh && node src/server.js | C6: /api/health ตอบ database=barbershop_test
A7: 3. เปิด frontend ทดสอบ | B7: cd frontend && npx vite --config vite.test.config.js | C7: เปิด http://localhost:3001 ได้
A8: 4. ติดตั้ง Robot (ครั้งแรก) | B8: cd automation-testing && py -3.13 -m venv .venv && .venv/Scripts/pip install robotframework robotframework-browser openpyxl && .venv/Scripts/rfbrowser init chromium | C8: ติดตั้งครบ
A9: 5. รันทุกชุด + สร้างเอกสาร | B9: bash automation-testing/run-all.sh | C9: ได้ไฟล์ เอกสารการทดสอบ_BarberQueue.xlsx
A10: 5.1 Unit อย่างเดียว | B10: cd backend && npm test | C10: 38 pass
A11: 5.2 API E2E อย่างเดียว | B11: cd backend && npm run test:e2e | C11: 46 pass
A12: 5.3 UI อย่างเดียว | B12: cd automation-testing && .venv/Scripts/robot --outputdir results tests | C12: 13 pass · results/report.html
